{
	"format_version": "1.8.0",
	"animations": {
		"death": {
			"animation_length": 3.375,
			"bones": {
				"cowpg": {
					"rotation": {
						"0.0": [0, 0, 0],
						"0.5": [-15, 0, 0],
						"0.75": [-2.5, 0, 0],
						"1.25": [-90, 0, 0]
					},
					"position": {
						"0.0": [0, 0, 0],
						"0.5": [0, -6, 9],
						"0.75": [0, -11, 7],
						"1.25": [0, -16, 14]
					}
				},
				"leftarm": {
					"rotation": {
						"0.0": [0, 0, 0],
						"0.5": [52.93538, -127.31497, -6.31461],
						"1.625": [144.83371, -121.54432, -114.33944]
					},
					"position": {
						"0.0": [0, 0, 0],
						"0.5": [3, -1, 1]
					}
				},
				"rightarm": {
					"rotation": {
						"0.0": [0, 0, 0],
						"0.5": [86.39498, 17.72091, 24.60981],
						"1.625": [111.32565, 11.19024, 44.15024]
					},
					"position": [0, 0, 0]
				},
				"rocket2": {
					"scale": 0
				},
				"muzzle1": {
					"scale": 0
				},
				"muzzle2": {
					"scale": 0
				},
				"leftleg": {
					"rotation": {
						"0.0": [0, 0, 0],
						"0.5": [-51.58473, -19.291, -5.38152],
						"0.75": [-89.08473, -19.291, -5.38152],
						"1.25": [18.34258, -5.71612, -38.53778]
					},
					"position": [0, 0, 0]
				},
				"rightleg": {
					"rotation": {
						"0.0": [0, 0, 0],
						"0.5": [-56.62335, 17.55324, 6.41688],
						"0.75": [-91.62335, 17.55324, 6.41688],
						"1.25": [22.61535, 6.55844, 37.76305]
					},
					"position": [0, 0, 0]
				},
				"head": {
					"rotation": {
						"0.0": [0, 0, 0],
						"0.5": [32.5, 0, 0],
						"1.25": [-25, 0, 0]
					},
					"position": {
						"0.0": [0, 0, 0],
						"0.5": [0, 0, -3],
						"1.25": [0, 0, -1]
					}
				}
			}
		},
		"idle": {
			"loop": true,
			"animation_length": 3,
			"bones": {
				"body": {
					"rotation": {
						"0.0": [0, 0, 0],
						"1.5": [2, 0, 0],
						"3.0": [0, 0, 0]
					},
					"position": {
						"0.0": [0, 0, 0],
						"1.5": [0, -0.5, 0],
						"3.0": [0, 0, 0]
					}
				},
				"head": {
					"rotation": {
						"0.0": [0, 0, 0],
						"3.0": [0, 0, 0]
					},
					"position": {
						"0.0": [0, 0, 0],
						"1.5": [0, -0.7, -0.4],
						"3.0": [0, 0, 0]
					}
				},
				"leftarm": {
					"rotation": {
						"0.0": [0, 0, 0],
						"3.0": [0, 0, 0]
					},
					"position": {
						"0.0": [0, 0, 0],
						"1.5": [0, -1, 0],
						"3.0": [0, 0, 0]
					}
				},
				"rightarm": {
					"rotation": {
						"0.0": [0, 0, 0],
						"3.0": [0, 0, 0]
					},
					"position": {
						"0.0": [0, 0, 0],
						"1.5": [0, -1, 0],
						"3.0": [0, 0, 0]
					}
				},
				"ak47": {
					"rotation": {
						"0.0": [84.99261, 56.70673, -99.29253],
						"3.0": [84.99261, 56.70673, -99.29253]
					},
					"position": {
						"0.0": [-1, -4, 4.6],
						"3.0": [-1, -4, 4.6]
					}
				},
				"gunflash": {
					"rotation": [0, 0, 0],
					"position": [0, 0, 0],
					"scale": 0
				},
				"muzzle1": {
					"scale": 0
				},
				"muzzle2": {
					"scale": 0
				},
				"rocket2": {
					"rotation": [0, 0, 0],
					"position": [0, 0, 0],
					"scale": 0
				}
			}
		},
		"walk": {
			"loop": true,
			"animation_length": 1,
			"bones": {
				"cowpg": {
					"rotation": {
						"0.0": [0, 0, 0],
						"0.25": [5, 0, 0],
						"0.5": [0, 0, 0],
						"0.75": [5, 0, 0],
						"1.0": [0, 0, 0]
					},
					"position": {
						"0.0": [0, 0, 0],
						"0.25": [0, -1, 0],
						"0.5": [0, 0, 0],
						"0.75": [0, -1, 0],
						"1.0": [0, 0, 0]
					}
				},
				"leftarm": {
					"rotation": {
						"0.0": [0, 0, 0],
						"0.5": [17.5, -7.5, 0],
						"1.0": [0, 0, 0]
					},
					"position": {
						"0.0": [0, 0, 0],
						"0.5": [3.8, 0, 2],
						"1.0": [0, 0, 0]
					}
				},
				"rightarm": {
					"rotation": {
						"0.0": [0, 0, 0],
						"0.5": [22.5, -20, 0],
						"1.0": [0, 0, 0]
					},
					"position": {
						"0.0": [0, 0, 0],
						"1.0": [0, 0, 0]
					}
				},
				"leftleg": {
					"rotation": {
						"0.0": [-45, 0, 0],
						"0.5": [45, 0, 0],
						"1.0": [-45, 0, 0]
					}
				},
				"rightleg": {
					"rotation": {
						"0.0": [45, 0, 0],
						"0.5": [-45, 0, 0],
						"1.0": [45, 0, 0]
					}
				},
				"muzzle1": {
					"scale": 0
				},
				"muzzle2": {
					"scale": 0
				},
				"rocket2": {
					"rotation": [0, 0, 0],
					"position": [0, 0, 0],
					"scale": 0
				}
			}
		},
		"attack": {
			"animation_length": 2,
			"bones": {
				"cowpg": {
					"rotation": {
						"0.0": [0, 0, 0],
						"1.0": [0, 0, 0],
						"1.125": [-5, 10, 0],
						"1.7083": [0, 0, 0]
					},
					"position": {
						"0.0": [0, 0, 0],
						"1.0": [0, 0, 0],
						"1.125": [0, 0, 3],
						"1.7083": [0, 0, 0]
					}
				},
				"leftarm": {
					"rotation": {
						"0.0": [0, 0, 0],
						"1.0": [0, 0, 0],
						"1.125": [-7.5, 0, 0],
						"1.3333": [0, 0, 0],
						"1.4583": [32.73749, -46.75591, -31.19059],
						"1.5417": [70.76185, -33.82119, -13.73185],
						"1.625": [127.24457, -13.82052, 47.17703],
						"2.0": [0, 0, 0]
					},
					"position": {
						"0.0": [0, 0, 0],
						"1.0": [0, 0, 0],
						"1.3333": [0, 0, 0],
						"1.625": [6, 0, 3],
						"2.0": [0, 0, 0]
					},
					"scale": {
						"0.0": [1, 1, 1],
						"1.0": [1, 1, 1],
						"1.3333": [1, 1, 1],
						"2.0": [1, 1, 1]
					}
				},
				"rightarm": {
					"rotation": {
						"0.0": [0, 0, 0],
						"1.0": [0, 0, 0],
						"1.125": [-10, 0, 0],
						"1.4583": [0, 0, 0]
					},
					"position": {
						"0.0": [0, 0, 0],
						"1.0": [0, 0, 0],
						"1.4583": [0, 0, 0]
					},
					"scale": {
						"0.0": [1, 1, 1],
						"1.0": [1, 1, 1],
						"1.4583": [1, 1, 1]
					}
				},
				"leftleg": {
					"rotation": {
						"0.0": [0, 0, 0],
						"1.0": [0, 0, 0],
						"1.125": [-30, 0, 0],
						"1.4583": [0, 0, 0]
					},
					"position": {
						"0.0": [0, 0, 0],
						"1.0": [0, 0, 0],
						"1.4583": [0, 0, 0]
					}
				},
				"rightleg": {
					"rotation": {
						"0.0": [0, 0, 0],
						"1.0": [0, 0, 0],
						"1.125": [23.66235, -8.31087, 18.25612],
						"1.4583": [0, 0, 0]
					},
					"position": {
						"0.0": [0, 0, 0],
						"1.0": [0, 0, 0],
						"1.4583": [0, 0, 0]
					}
				},
				"rocket": {
					"rotation": {
						"0.0": [0, 0, 0],
						"1.0": [0, 0, 0],
						"1.9167": [0, 0, 0]
					},
					"position": {
						"0.0": [0, 0, 0],
						"1.0": [0, 0, 0],
						"1.9167": [0, 0, 0]
					},
					"scale": {
						"0.0": [1, 1, 1],
						"1.0": [1, 1, 1],
						"1.125": [0, 0, 0],
						"1.875": [0, 0, 0],
						"1.9167": [1, 1, 1]
					}
				},
				"muzzle1": {
					"rotation": {
						"0.0": [0, 0, 0],
						"1.0": [0, 0, 0],
						"1.9167": [0, 0, 0]
					},
					"position": {
						"0.0": [0, 0, 0],
						"1.0": [0, 0, 0],
						"1.9167": [0, 0, 0]
					},
					"scale": {
						"0.0": [0, 0, 0],
						"1.0": [0, 0, 0],
						"1.125": [1, 1, 1],
						"1.9167": [0, 0, 0]
					}
				},
				"muzzle2": {
					"rotation": {
						"0.0": [0, 0, 0],
						"0.9167": [0, 0, 0],
						"1.4583": [0, 0, 0]
					},
					"position": {
						"0.0": [0, 0, 0],
						"0.9167": [0, 0, 0],
						"1.4583": [0, 0, 0]
					},
					"scale": {
						"0.0": [0, 0, 0],
						"0.9167": [0, 0, 0],
						"1.0": [1, 1.6, 1],
						"1.4583": [0, 0, 0]
					}
				},
				"rocket2": {
					"rotation": {
						"0.0": [0, 0, 0],
						"1.625": [0, 0, 0]
					},
					"position": {
						"0.0": [0, 0, 0],
						"1.625": [0, 0, 0]
					},
					"scale": {
						"0.0": [0, 0, 0],
						"1.625": [0, 0, 0],
						"1.7083": [1, 1, 1],
						"1.9167": [1, 1, 1]
					}
				}
			}
		}
	},
	"geckolib_format_version": 2
}