{
	"format_version": "1.8.0",
	"animations": {
		"idle": {
			"loop": true,
			"animation_length": 3,
			"bones": {
				"body": {
					"rotation": {
						"0.0": [0, 0, 0],
						"1.5": [2, 0, 0],
						"3.0": [0, 0, 0]
					},
					"position": {
						"0.0": [0, 0, 0],
						"1.5": [0, -0.5, 0],
						"3.0": [0, 0, 0]
					}
				},
				"head": {
					"rotation": {
						"0.0": [0, 0, 0],
						"3.0": [0, 0, 0]
					},
					"position": {
						"0.0": [0, 0, 0],
						"1.5": [0, -0.7, -0.4],
						"3.0": [0, 0, 0]
					}
				},
				"leftArm": {
					"rotation": {
						"0.0": [0, 0, 0],
						"3.0": [0, 0, 0]
					},
					"position": {
						"0.0": [0, 0, 0],
						"1.5": [0, -1, 0],
						"3.0": [0, 0, 0]
					}
				},
				"rightArm": {
					"rotation": {
						"0.0": [0, 0, 0],
						"3.0": [0, 0, 0]
					},
					"position": {
						"0.0": [0, 0, 0],
						"1.5": [0, -1, 0],
						"3.0": [0, 0, 0]
					}
				},
				"ak47": {
					"rotation": {
						"0.0": [84.99261, 56.70673, -99.29253],
						"3.0": [84.99261, 56.70673, -99.29253]
					},
					"position": {
						"0.0": [-1, -4, 4.6],
						"3.0": [-1, -4, 4.6]
					}
				},
				"gunflash": {
					"rotation": [0, 0, 0],
					"position": [0, 0, 0],
					"scale": 0
				}
			}
		},
		"walk": {
			"loop": true,
			"animation_length": 3,
			"bones": {
				"gunswine": {
					"rotation": {
						"0.0": [0, 0, 0],
						"0.5": [0, 0, 0],
						"1.0": [0, 0, 0],
						"1.5": [0, 0, 0],
						"2.0": [0, 0, 0],
						"2.5": [0, 0, 0],
						"3.0": [0, 0, 0]
					},
					"position": {
						"0.0": [0, 0, 0],
						"0.25": [0, -1, 0],
						"0.5": [0, 0, 0],
						"0.75": [0, -1, 0],
						"1.0": [0, 0, 0],
						"1.25": [0, -1, 0],
						"1.5": [0, 0, 0],
						"1.75": [0, -1, 0],
						"2.0": [0, 0, 0],
						"2.25": [0, -1, 0],
						"2.5": [0, 0, 0],
						"2.75": [0, -1, 0],
						"3.0": [0, 0, 0]
					}
				},
				"body": {
					"rotation": {
						"0.0": [0, 0, 0],
						"1.5": [2, 0, 0],
						"3.0": [0, 0, 0]
					},
					"position": {
						"0.0": [0, 0, 0],
						"1.5": [0, -0.5, 0],
						"3.0": [0, 0, 0]
					}
				},
				"head": {
					"rotation": {
						"0.0": [0, 0, 0],
						"3.0": [0, 0, 0]
					},
					"position": {
						"0.0": [0, 0, 0],
						"1.5": [0, -0.7, -0.4],
						"3.0": [0, 0, 0]
					}
				},
				"leg1": {
					"rotation": {
						"0.0": [-55, 0, 0],
						"0.5": [55, 0, 0],
						"1.0": [-55, 0, 0],
						"1.5": [55, 0, 0],
						"2.0": [-55, 0, 0],
						"2.5": [55, 0, 0],
						"3.0": [-55, 0, 0]
					},
					"position": {
						"0.0": [0, 0, 0],
						"1.0": [0, 0, 0],
						"2.0": [0, 0, 0],
						"3.0": [0, 0, 0]
					}
				},
				"leg2": {
					"rotation": {
						"0.0": [55, 0, 0],
						"0.5": [-55, 0, 0],
						"1.0": [55, 0, 0],
						"1.5": [-55, 0, 0],
						"2.0": [55, 0, 0],
						"2.5": [-55, 0, 0],
						"3.0": [55, 0, 0]
					},
					"position": {
						"0.0": [0, 0, 0],
						"1.0": [0, 0, 0],
						"2.0": [0, 0, 0],
						"3.0": [0, 0, 0]
					}
				},
				"leftArm": {
					"rotation": {
						"0.0": [0, 0, 0],
						"0.5": [-25.5189, -7.45223, -6.41994],
						"1.0": [0, 0, 0],
						"1.5": [-25.5189, -7.45223, -6.41994],
						"2.0": [0, 0, 0],
						"2.5": [-25.5189, -7.45223, -6.41994],
						"3.0": [0, 0, 0]
					},
					"position": {
						"0.0": [0, 0, 0],
						"0.5": [0, -2, 2.9],
						"1.0": [0, 0, 0],
						"1.5": [0, -2, 2.9],
						"2.0": [0, 0, 0],
						"2.5": [0, -2, 2.9],
						"3.0": [0, 0, 0]
					}
				},
				"rightArm": {
					"rotation": {
						"0.0": [0, 0, 0],
						"0.5": [-8.44765, -18.92235, -5.65075],
						"1.0": [0, 0, 0],
						"1.5": [-8.44765, -18.92235, -5.65075],
						"2.0": [0, 0, 0],
						"2.5": [-8.44765, -18.92235, -5.65075],
						"3.0": [0, 0, 0]
					},
					"position": {
						"0.0": [0, 0, 0],
						"0.5": [0, -1, -2],
						"1.0": [0, 0, 0],
						"1.5": [0, -1, -2],
						"2.0": [0, 0, 0],
						"2.5": [0, -1, -2],
						"3.0": [0, 0, 0]
					}
				},
				"ak47": {
					"rotation": {
						"0.0": [82.06859, 59.14886, -97.49751],
						"3.0": [82.06859, 59.14886, -97.49751]
					},
					"position": {
						"0.0": [-1.8, -4, 4.3],
						"3.0": [-1.8, -4, 4.3]
					}
				},
				"gunflash": {
					"scale": 0
				}
			}
		},
		"attack": {
			"loop": true,
			"animation_length": 1.25,
			"bones": {
				"body": {
					"rotation": {
						"0.0": [0, 0, 0],
						"0.125": [0, 0, 0],
						"0.25": [0, 0, 0],
						"0.375": [0, 0, 0],
						"0.5": [0, 0, 0],
						"0.625": [0, 0, 0],
						"0.75": [0, 0, 0],
						"0.875": [0, 0, 0],
						"1.0": [0, 0, 0],
						"1.125": [0, 0, 0],
						"1.25": [0, 0, 0]
					},
					"position": {
						"0.0": [0, 0, 0],
						"0.125": [0, 0, 0.7],
						"0.25": [0, 0, 0],
						"0.375": [0, 0, 0.7],
						"0.5": [0, 0, 0],
						"0.625": [0, 0, 0.7],
						"0.75": [0, 0, 0],
						"0.875": [0, 0, 0.7],
						"1.0": [0, 0, 0],
						"1.125": [0, 0, 0.7],
						"1.25": [0, 0, 0]
					}
				},
				"head": {
					"rotation": {
						"0.0": [7.1658, -2.57594, -12.71783],
						"0.25": [7.1658, -2.57594, -12.71783],
						"0.5": [7.1658, -2.57594, -12.71783],
						"0.75": [7.1658, -2.57594, -12.71783],
						"1.0": [7.1658, -2.57594, -12.71783],
						"1.25": [7.1658, -2.57594, -12.71783]
					},
					"position": {
						"0.0": [-1, 0, 0],
						"0.125": [-1, 0, 1],
						"0.25": [-1, 0, 0],
						"0.375": [-1, 0, 1],
						"0.5": [-1, 0, 0],
						"0.625": [-1, 0, 1],
						"0.75": [-1, 0, 0],
						"0.875": [-1, 0, 1],
						"1.0": [-1, 0, 0],
						"1.125": [-1, 0, 1],
						"1.25": [-1, 0, 0]
					}
				},
				"leg1": {
					"rotation": {
						"0.0": [0, 0, 0],
						"0.25": [45, 0, 0],
						"0.5": [-45, 0, 0],
						"0.7917": [45, 0, 0],
						"1.0": [-45, 0, 0],
						"1.25": [0, 0, 0]
					},
					"position": {
						"0.0": [0, 0, 0],
						"0.5": [0, 0, 0],
						"1.0": [0, 0, 0],
						"1.25": [0, 0, 0]
					}
				},
				"leg2": {
					"rotation": {
						"0.0": [0, 0, 0],
						"0.25": [-45, 0, 0],
						"0.5": [45, 0, 0],
						"0.7917": [-45, 0, 0],
						"1.0": [45, 0, 0],
						"1.25": [0, 0, 0]
					},
					"position": {
						"0.0": [0, 0, 0],
						"0.5": [0, 0, 0],
						"1.0": [0, 0, 0],
						"1.25": [0, 0, 0]
					}
				},
				"leftArm": {
					"rotation": {
						"0.0": [-36.36875, 49.15727, -15.85621],
						"0.25": [-36.36875, 49.15727, -15.85621],
						"0.5": [-36.36875, 49.15727, -15.85621],
						"0.75": [-36.36875, 49.15727, -15.85621],
						"1.0": [-36.36875, 49.15727, -15.85621],
						"1.25": [-36.36875, 49.15727, -15.85621]
					},
					"position": {
						"0.0": [1, 2, -2],
						"0.125": [1, 2, -1],
						"0.25": [1, 2, -2],
						"0.375": [1, 2, -1],
						"0.5": [1, 2, -2],
						"0.625": [1, 2, -1],
						"0.75": [1, 2, -2],
						"0.875": [1, 2, -1],
						"1.0": [1, 2, -2],
						"1.125": [1, 2, -1],
						"1.25": [1, 2, -2]
					},
					"scale": {
						"0.0": [1, 1.3, 1],
						"0.25": [1, 1.3, 1],
						"0.5": [1, 1.3, 1],
						"0.75": [1, 1.3, 1],
						"1.0": [1, 1.3, 1],
						"1.25": [1, 1.3, 1]
					}
				},
				"rightArm": {
					"rotation": {
						"0.0": [-32.59581, 11.90407, -20.67911],
						"0.25": [-32.59581, 11.90407, -20.67911],
						"0.5": [-32.59581, 11.90407, -20.67911],
						"0.75": [-32.59581, 11.90407, -20.67911],
						"1.0": [-32.59581, 11.90407, -20.67911],
						"1.25": [-32.59581, 11.90407, -20.67911]
					},
					"position": {
						"0.0": [0, 0, 3],
						"0.125": [0, 0, 4],
						"0.25": [0, 0, 3],
						"0.375": [0, 0, 4],
						"0.5": [0, 0, 3],
						"0.625": [0, 0, 4],
						"0.75": [0, 0, 3],
						"0.875": [0, 0, 4],
						"1.0": [0, 0, 3],
						"1.125": [0, 0, 4],
						"1.25": [0, 0, 3]
					}
				},
				"ak47": {
					"rotation": [94.5143, 75.9395, -35.6412],
					"position": [-7.7, -7.2, 5.8]
				},
				"gunflash": {
					"rotation": {
						"0.0": [0, 0, 0],
						"0.25": [0, 0, 0],
						"0.375": [0, 0, 55],
						"0.5": [0, 0, 0],
						"0.625": [0, 0, -65],
						"0.75": [0, 0, 0],